sequence_path,label
extracted-src/KETI_SL_0000000419_AVI_화재.pkl,화재
extracted-src/KETI_SL_0000000418_AVI_화장실.pkl,화장실
extracted-src/KETI_SL_0000000417_AVI_화요일.pkl,화요일
extracted-src/KETI_SL_0000000416_AVI_화약.pkl,화약
extracted-src/KETI_SL_0000008404_MOV_화상을 입었어요.pkl,화상을 입었어요
extracted-src/KETI_SL_0000000415_AVI_화상.pkl,화상
extracted-src/KETI_SL_0000008431_MOV_홍수가 나서 집이 물에 잠기고 있어요.pkl,홍수가 나서 집이 물에 잠기고 있어요
extracted-src/KETI_SL_0000000414_AVI_홍수.pkl,홍수
extracted-src/KETI_SL_0000000413_AVI_호흡기.pkl,호흡기
extracted-src/KETI_SL_0000000412_AVI_호흡곤란.pkl,호흡곤란
extracted-src/KETI_SL_0000000411_AVI_형.pkl,형
extracted-src/KETI_SL_0000000410_AVI_협박.pkl,협박
extracted-src/KETI_SL_0000000409_AVI_현관앞.pkl,현관앞
extracted-src/KETI_SL_0000000408_AVI_현관.pkl,현관
extracted-src/KETI_SL_0000000407_AVI_허벅지.pkl,허벅지
extracted-src/KETI_SL_0000008481_MOV_허리가 아파서 일어날 수 없어요.pkl,허리가 아파서 일어날 수 없어요
extracted-src/KETI_SL_0000000406_AVI_허리.pkl,허리
extracted-src/KETI_SL_0000008424_MOV_해파리에게 쏘였어요.pkl,해파리에게 쏘였어요
extracted-src/KETI_SL_0000000405_AVI_해열제.pkl,해열제
extracted-src/KETI_SL_0000008382_MOV_해안가에 해파리가 나타났어요.pkl,해안가에 해파리가 나타났어요
extracted-src/KETI_SL_0000008475_MOV_해안가에 상어가 나타났어요.pkl,해안가에 상어가 나타났어요
extracted-src/KETI_SL_0000000404_AVI_해독제.pkl,해독제
extracted-src/KETI_SL_0000000403_AVI_해연.pkl,해(연)
extracted-src/KETI_SL_0000000402_AVI_함몰되다.pkl,함몰되다
extracted-src/KETI_SL_0000000401_AVI_할아버지.pkl,할아버지
extracted-src/KETI_SL_0000008391_MOV_할머니가 갑자기 쓰러지셨어요.pkl,할머니가 갑자기 쓰러지셨어요
extracted-src/KETI_SL_0000000400_AVI_할머니.pkl,할머니
extracted-src/KETI_SL_0000000399_AVI_학생.pkl,학생
extracted-src/KETI_SL_0000000398_AVI_학교.pkl,학교
extracted-src/KETI_SL_0000000379_AVI_피나다.pkl,피나다
extracted-src/KETI_SL_0000000397_AVI_폭행.pkl,폭행
extracted-src/KETI_SL_0000008422_MOV_폭탄이 터졌어요.pkl,폭탄이 터졌어요
extracted-src/KETI_SL_0000000395_AVI_폭탄.pkl,폭탄
extracted-src/KETI_SL_0000000396_AVI_폭우.pkl,폭우
extracted-src/KETI_SL_0000000394_AVI_폭발.pkl,폭발
extracted-src/KETI_SL_0000000393_AVI_팔꿈치.pkl,팔꿈치
extracted-src/KETI_SL_0000000392_AVI_팔.pkl,팔
extracted-src/KETI_SL_0000000391_AVI_파편.pkl,파편
extracted-src/KETI_SL_0000000390_AVI_파도.pkl,파도
extracted-src/KETI_SL_0000000389_AVI_트럭.pkl,트럭
extracted-src/KETI_SL_0000000388_AVI_트랙터.pkl,트랙터
extracted-src/KETI_SL_0000000387_AVI_통학버스.pkl,통학버스
extracted-src/KETI_SL_0000000386_AVI_토하다.pkl,토하다
extracted-src/KETI_SL_0000000385_AVI_토요일.pkl,토요일
extracted-src/KETI_SL_0000008415_MOV_터널이 무너져 갇혔어요.pkl,터널이 무너져 갇혔어요
extracted-src/KETI_SL_0000000384_AVI_택시.pkl,택시
extracted-src/KETI_SL_0000000135_AVI_탈골.pkl,탈골
extracted-src/KETI_SL_0000000383_AVI_코.pkl,코
extracted-src/KETI_SL_0000000382_AVI_칼.pkl,칼
extracted-src/KETI_SL_0000000381_AVI_침수.pkl,침수
extracted-src/KETI_SL_0000008405_MOV_친구가 음식을 먹다가 실수로 방부제를 같이 먹었어요.pkl,친구가 음식을 먹다가 실수로 방부제를 같이 먹었어요
extracted-src/KETI_SL_0000008407_MOV_친구가 숨을 안 쉬는 것 같아요.pkl,친구가 숨을 안 쉬는 것 같아요
extracted-src/KETI_SL_0000008406_MOV_친구가 감전 사고를 당했어요.pkl,친구가 감전 사고를 당했어요
extracted-src/KETI_SL_0000000380_AVI_친구.pkl,친구
extracted-src/KETI_SL_0000000378_AVI_출혈.pkl,출혈
extracted-src/KETI_SL_0000000377_AVI_출산.pkl,출산
extracted-src/KETI_SL_0000000376_AVI_축사.pkl,축사
extracted-src/KETI_SL_0000000375_AVI_추락.pkl,추락
extracted-src/KETI_SL_0000000374_AVI_총.pkl,총
extracted-src/KETI_SL_0000000373_AVI_체온계.pkl,체온계
extracted-src/KETI_SL_0000000372_AVI_창백하다.pkl,창백하다
extracted-src/KETI_SL_0000000371_AVI_창문.pkl,창문
extracted-src/KETI_SL_0000000370_AVI_차안.pkl,차안
extracted-src/KETI_SL_0000000369_AVI_차밖.pkl,차밖
extracted-src/KETI_SL_0000008408_MOV_차 안에 강아지가 방치되어있어요.pkl,차 안에 강아지가 방치되어있어요
extracted-src/KETI_SL_0000008399_MOV_쫓아오는 것 같아요.pkl,쫓아오는 것 같아요
extracted-src/KETI_SL_0000008460_MOV_집이 흔들려요.pkl,집이 흔들려요
extracted-src/KETI_SL_0000008479_MOV_집에 전기가 나갔어요.pkl,집에 전기가 나갔어요
extracted-src/KETI_SL_0000008381_MOV_집에 불이 났어요.pkl,집에 불이 났어요
extracted-src/KETI_SL_0000008445_MOV_집에 모르는 사람이 침입했어요.pkl,집에 모르는 사람이 침입했어요
extracted-src/KETI_SL_0000008398_MOV_집에 도둑강도이 들어왔어요.pkl,집에 도둑(강도)이 들어왔어요
extracted-src/KETI_SL_0000000368_AVI_집단폭행.pkl,집단폭행
extracted-src/KETI_SL_0000008461_MOV_집 벽이 무너질려고 해요.pkl,집 벽이 무너질려고 해요
extracted-src/KETI_SL_0000000367_AVI_집.pkl,집
extracted-src/KETI_SL_0000000366_AVI_질식.pkl,질식
extracted-src/KETI_SL_0000000365_AVI_진통제.pkl,진통제
extracted-src/KETI_SL_0000000364_AVI_지혈대.pkl,지혈대
extracted-src/KETI_SL_0000008403_MOV_지하철 역 안에서 화재가 발생했어요.pkl,지하철 역 안에서 화재가 발생했어요
extracted-src/KETI_SL_0000000363_AVI_지난.pkl,지난
extracted-src/KETI_SL_0000000362_AVI_중랑구.pkl,중랑구
extracted-src/KETI_SL_0000000361_AVI_중구.pkl,중구
extracted-src/KETI_SL_0000008389_MOV_주변 구조물이 무너져서 몸이 끼었어요 몸을 움직이지 못하겠어요.pkl,주변 구조물이 무너져서 몸이 끼었어요 몸을 움직이지 못하겠어요
extracted-src/KETI_SL_0000000360_AVI_주.pkl,주
extracted-src/KETI_SL_0000000359_AVI_종로구.pkl,종로구
extracted-src/KETI_SL_0000000358_AVI_조난.pkl,조난
extracted-src/KETI_SL_0000000357_AVI_제초제.pkl,제초제
extracted-src/KETI_SL_0000000183_AVI_절도.pkl,절도
extracted-src/KETI_SL_0000000356_AVI_절단.pkl,절단
extracted-src/KETI_SL_0000000355_AVI_장단지.pkl,장단지
extracted-src/KETI_SL_0000000354_AVI_장난감.pkl,장난감
extracted-src/KETI_SL_0000000353_AVI_작은방.pkl,작은방
extracted-src/KETI_SL_0000000352_AVI_작년.pkl,작년
extracted-src/KETI_SL_0000000351_AVI_자상.pkl,자상
extracted-src/KETI_SL_0000000350_AVI_자살.pkl,자살
extracted-src/KETI_SL_0000000349_AVI_자동차.pkl,자동차
extracted-src/KETI_SL_0000000348_AVI_임신한아내.pkl,임신한아내
extracted-src/KETI_SL_0000000347_AVI_임산부.pkl,임산부
extracted-src/KETI_SL_0000000346_AVI_일요일.pkl,일요일
extracted-src/KETI_SL_0000001536_AVI_인대.pkl,인대
extracted-src/KETI_SL_0000000345_AVI_이웃집.pkl,이웃집
extracted-src/KETI_SL_0000000344_AVI_이상한사람.pkl,이상한사람
extracted-src/KETI_SL_0000008397_MOV_이상한 사람이 저를 쫓아와요.pkl,이상한 사람이 저를 쫓아와요
extracted-src/KETI_SL_0000000343_AVI_이번.pkl,이번
extracted-src/KETI_SL_0000000342_AVI_이물질.pkl,이물질
extracted-src/KETI_SL_0000000341_AVI_이마.pkl,이마
extracted-src/KETI_SL_0000000340_AVI_의사.pkl,의사
extracted-src/KETI_SL_0000000339_AVI_응급처리.pkl,응급처리
extracted-src/KETI_SL_0000000338_AVI_응급대원.pkl,응급대원
extracted-src/KETI_SL_0000008480_MOV_음식을 하다가 손가락을 칼에 베였어요.pkl,음식을 하다가 손가락을 칼에 베였어요
extracted-src/KETI_SL_0000000337_AVI_음식물.pkl,음식물
extracted-src/KETI_SL_0000000336_AVI_은평구.pkl,은평구
extracted-src/KETI_SL_0000001169_AVI_유치원 버스.pkl,유치원 버스
extracted-src/KETI_SL_0000000334_AVI_유치원.pkl,유치원
extracted-src/KETI_SL_0000008462_MOV_유리가 깨져서 발을 다쳤어요.pkl,유리가 깨져서 발을 다쳤어요
extracted-src/KETI_SL_0000000333_AVI_유리.pkl,유리
extracted-src/KETI_SL_0000008439_MOV_윗집에 불이 났어요.pkl,윗집에 불이 났어요
extracted-src/KETI_SL_0000000332_AVI_윗집사람.pkl,윗집사람
extracted-src/KETI_SL_0000000331_AVI_윗집.pkl,윗집
extracted-src/KETI_SL_0000000330_AVI_위협.pkl,위협
extracted-src/KETI_SL_0000000329_AVI_위에.pkl,위에
extracted-src/KETI_SL_0000000328_AVI_위.pkl,위
extracted-src/KETI_SL_0000000327_AVI_월요일.pkl,월요일
extracted-src/KETI_SL_0000000326_AVI_운동장.pkl,운동장
extracted-src/KETI_SL_0000000325_AVI_우리집.pkl,우리집
extracted-src/KETI_SL_0000008468_MOV_우리아이가 갑자기 의식을 잃었어요.pkl,우리아이가 갑자기 의식을 잃었어요
extracted-src/KETI_SL_0000008438_MOV_우리 집에 불이 났어요.pkl,우리 집에 불이 났어요
extracted-src/KETI_SL_0000000324_AVI_용산구.pkl,용산구
extracted-src/KETI_SL_0000000323_AVI_욕실.pkl,욕실
extracted-src/KETI_SL_0000000322_AVI_왼쪽-눈.pkl,왼쪽-눈
extracted-src/KETI_SL_0000000321_AVI_왼쪽-귀.pkl,왼쪽-귀
extracted-src/KETI_SL_0000000320_AVI_왼쪽.pkl,왼쪽
extracted-src/KETI_SL_0000000319_AVI_올해.pkl,올해
extracted-src/KETI_SL_0000000318_AVI_옥상.pkl,옥상
extracted-src/KETI_SL_0000000317_AVI_오빠.pkl,오빠
extracted-src/KETI_SL_0000006182_AVI_오른쪽-눈.pkl,오른쪽-눈
extracted-src/KETI_SL_0000000315_AVI_오른쪽-귀.pkl,오른쪽-귀
extracted-src/KETI_SL_0000000314_AVI_오른쪽.pkl,오른쪽
extracted-src/KETI_SL_0000000313_AVI_오늘.pkl,오늘
extracted-src/KETI_SL_0000000312_AVI_옆쪽.pkl,옆쪽
extracted-src/KETI_SL_0000008440_MOV_옆집에 불이 났어요.pkl,옆집에 불이 났어요
extracted-src/KETI_SL_0000000311_AVI_옆집사람.pkl,옆집사람
extracted-src/KETI_SL_0000001144_AVI_옆집 할아버지.pkl,옆집 할아버지
extracted-src/KETI_SL_0000001143_AVI_옆집 아저씨.pkl,옆집 아저씨
extracted-src/KETI_SL_0000000308_AVI_옆집.pkl,옆집
extracted-src/KETI_SL_0000000307_AVI_영등포구.pkl,영등포구
extracted-src/KETI_SL_0000000306_AVI_엽총.pkl,엽총
extracted-src/KETI_SL_0000000305_AVI_열어주세요.pkl,열어주세요
extracted-src/KETI_SL_0000000304_AVI_열나다.pkl,열나다
extracted-src/KETI_SL_0000000303_AVI_열.pkl,열
extracted-src/KETI_SL_0000000302_AVI_연락해주세요.pkl,연락해주세요
extracted-src/KETI_SL_0000000301_AVI_연기.pkl,연기
extracted-src/KETI_SL_0000000300_AVI_여학생.pkl,여학생
extracted-src/KETI_SL_0000000299_AVI_여자친구.pkl,여자친구
extracted-src/KETI_SL_0000008383_MOV_여기 서대문구 홍제동 한양아파트인데 옥상에서 사람이 떨어지려고해요.pkl,여기 서대문구 홍제동 한양아파트인데 옥상에서 사람이 떨어지려고해요
extracted-src/KETI_SL_0000008442_MOV_엘리베이터가 갑자기 중간에 멈췄어요.pkl,엘리베이터가 갑자기 중간에 멈췄어요
extracted-src/KETI_SL_0000000298_AVI_엘리베이터.pkl,엘리베이터
extracted-src/KETI_SL_0000008485_MOV_엄마가 신장병에 있는데 쓰러지셨어요.pkl,엄마가 신장병에 있는데 쓰러지셨어요
extracted-src/KETI_SL_0000000297_AVI_엄마.pkl,엄마
extracted-src/KETI_SL_0000000296_AVI_얼굴.pkl,얼굴
extracted-src/KETI_SL_0000000295_AVI_언니.pkl,언니
extracted-src/KETI_SL_0000008470_MOV_어지러워서 서있을 수 없어요.pkl,어지러워서 서있을 수 없어요
extracted-src/KETI_SL_0000000294_AVI_어지러움.pkl,어지러움
extracted-src/KETI_SL_0000000293_AVI_어제.pkl,어제
extracted-src/KETI_SL_0000000277_AVI_어린이.pkl,어린이
extracted-src/KETI_SL_0000008410_MOV_어떤 사람한테 납치당했어요.pkl,어떤 사람한테 납치당했어요
extracted-src/KETI_SL_0000008482_MOV_어떤 사람이 칼에 찔려서 피를 많이 흘리고 있어요.pkl,어떤 사람이 칼에 찔려서 피를 많이 흘리고 있어요
extracted-src/KETI_SL_0000008387_MOV_어떤 사람이 칼로 위협하고 있어요.pkl,어떤 사람이 칼로 위협하고 있어요
extracted-src/KETI_SL_0000008400_MOV_어떤 사람이 집단폭력을 당하고 있어요.pkl,어떤 사람이 집단폭력을 당하고 있어요
extracted-src/KETI_SL_0000008435_MOV_어떤 사람이 저를 죽이려고 해요.pkl,어떤 사람이 저를 죽이려고 해요
extracted-src/KETI_SL_0000008453_MOV_어떤 사람이 자살을 시도하고 있어요.pkl,어떤 사람이 자살을 시도하고 있어요
extracted-src/KETI_SL_0000008428_MOV_어떤 사람이 벼락을 맞았어요.pkl,어떤 사람이 벼락을 맞았어요
extracted-src/KETI_SL_0000008464_MOV_어떤 사람이 바다에 빠졌어요.pkl,어떤 사람이 바다에 빠졌어요
extracted-src/KETI_SL_0000008401_MOV_어떤 사람이 무기 흉기를 소지하고 있어요.pkl,어떤 사람이 무기 흉기를 소지하고 있어요
extracted-src/KETI_SL_0000008419_MOV_어떤 사람이 길거리에서 피를 많이 흘리고 있어요.pkl,어떤 사람이 길거리에서 피를 많이 흘리고 있어요
extracted-src/KETI_SL_0000008409_MOV_어떤 사람이 교통사고를 당했어요.pkl,어떤 사람이 교통사고를 당했어요
extracted-src/KETI_SL_0000008413_MOV_어떤 사람이 건물에서 추락했어요.pkl,어떤 사람이 건물에서 추락했어요
extracted-src/KETI_SL_0000008416_MOV_어디선가 연기가 나요 불이 나고 있는 것 같아요.pkl,어디선가 연기가 나요 불이 나고 있는 것 같아요
extracted-src/KETI_SL_0000000292_AVI_어깨.pkl,어깨
extracted-src/KETI_SL_0000000291_AVI_양천구.pkl,양천구
extracted-src/KETI_SL_0000000290_AVI_약사.pkl,약사
extracted-src/KETI_SL_0000000289_AVI_약국.pkl,약국
extracted-src/KETI_SL_0000000288_AVI_앞집.pkl,앞집
extracted-src/KETI_SL_0000000287_AVI_앞.pkl,앞
extracted-src/KETI_SL_0000000286_AVI_알려주세요.pkl,알려주세요
extracted-src/KETI_SL_0000000285_AVI_안방.pkl,안방
extracted-src/KETI_SL_0000000283_AVI_아파트.pkl,아파트
extracted-src/KETI_SL_0000008456_MOV_아파서 못 참을것 같아요.pkl,아파서 못 참을것 같아요
extracted-src/KETI_SL_0000000282_AVI_아줌마.pkl,아줌마
extracted-src/KETI_SL_0000000281_AVI_아저씨.pkl,아저씨
extracted-src/KETI_SL_0000008451_MOV_아이를 모르는 사람이 데려갔어요.pkl,아이를 모르는 사람이 데려갔어요
extracted-src/KETI_SL_0000008450_MOV_아이를 공원에서 잃어버렸어요.pkl,아이를 공원에서 잃어버렸어요
extracted-src/KETI_SL_0000000276_AVI_아이들.pkl,아이들
extracted-src/KETI_SL_0000008454_MOV_아이가 장난감을 삼켰어요.pkl,아이가 장난감을 삼켰어요
extracted-src/KETI_SL_0000008458_MOV_아이가 방에 갇혔어요.pkl,아이가 방에 갇혔어요
extracted-src/KETI_SL_0000008483_MOV_아이가 말벌에 쏘여서 기절했어요.pkl,아이가 말벌에 쏘여서 기절했어요
extracted-src/KETI_SL_0000008452_MOV_아이가 독극물을 삼켰어요.pkl,아이가 독극물을 삼켰어요
extracted-src/KETI_SL_0000000280_AVI_아빠.pkl,아빠
extracted-src/KETI_SL_0000008441_MOV_아랫집에 불이 났어요.pkl,아랫집에 불이 났어요
extracted-src/KETI_SL_0000000216_AVI_아래.pkl,아래
extracted-src/KETI_SL_0000008477_MOV_아들이 놀이터에서 놀다가 팔이 부러졌어요.pkl,아들이 놀이터에서 놀다가 팔이 부러졌어요
extracted-src/KETI_SL_0000000279_AVI_아들.pkl,아들
extracted-src/KETI_SL_0000008476_MOV_아내가 쓰러졌어요.pkl,아내가 쓰러졌어요
extracted-src/KETI_SL_0000000278_AVI_아내.pkl,아내
extracted-src/KETI_SL_0000008447_MOV_아기를 낳을것 같아요.pkl,아기를 낳을것 같아요
extracted-src/KETI_SL_0000008394_MOV_아기가 장난감을 삼켰어요.pkl,아기가 장난감을 삼켰어요
extracted-src/KETI_SL_0000008449_MOV_아기가 숨을 안 쉬어요.pkl,아기가 숨을 안 쉬어요
extracted-src/KETI_SL_0000008448_MOV_아기가 갑자기 토해요.pkl,아기가 갑자기 토해요
extracted-src/KETI_SL_0000000275_AVI_아기.pkl,아기
extracted-src/KETI_SL_0000000199_AVI_쓰러지다.pkl,쓰러지다
extracted-src/KETI_SL_0000000274_AVI_심장마비.pkl,심장마비
extracted-src/KETI_SL_0000000273_AVI_신고하세요경찰.pkl,신고하세요(경찰)
extracted-src/KETI_SL_0000008420_MOV_식사를 하다가 목에 음식이 걸렸어요.pkl,식사를 하다가 목에 음식이 걸렸어요
extracted-src/KETI_SL_0000000272_AVI_시청.pkl,시청
extracted-src/KETI_SL_0000008421_MOV_스키를 타다가 넘어져서 못 일어나겠어요.pkl,스키를 타다가 넘어져서 못 일어나겠어요
extracted-src/KETI_SL_0000008433_MOV_숨이 안 쉬어져요.pkl,숨이 안 쉬어져요
extracted-src/KETI_SL_0000000271_AVI_숨을안쉬다.pkl,숨을안쉬다
extracted-src/KETI_SL_0000000270_AVI_술취한 사람.pkl,술취한 사람
extracted-src/KETI_SL_0000008388_MOV_술 취한 사람이 방망이로 사람들을 때리고 있어요.pkl,술 취한 사람이 방망이로 사람들을 때리고 있어요
extracted-src/KETI_SL_0000000269_AVI_수요일.pkl,수요일
extracted-src/KETI_SL_0000000268_AVI_수영장.pkl,수영장
extracted-src/KETI_SL_0000000267_AVI_송파구.pkl,송파구
extracted-src/KETI_SL_0000000266_AVI_손목.pkl,손목
extracted-src/KETI_SL_0000000265_AVI_손가락.pkl,손가락
extracted-src/KETI_SL_0000000264_AVI_손.pkl,손
extracted-src/KETI_SL_0000000263_AVI_소화전.pkl,소화전
extracted-src/KETI_SL_0000000262_AVI_소화기.pkl,소화기
extracted-src/KETI_SL_0000000261_AVI_소방차.pkl,소방차
extracted-src/KETI_SL_0000000260_AVI_소방관.pkl,소방관
extracted-src/KETI_SL_0000008467_MOV_세브란스 병원 진료 예약을 해주세요.pkl,세브란스 병원 진료 예약을 해주세요
extracted-src/KETI_SL_0000000259_AVI_성폭행.pkl,성폭행
extracted-src/KETI_SL_0000000258_AVI_성북구.pkl,성북구
extracted-src/KETI_SL_0000000257_AVI_성동구.pkl,성동구
extracted-src/KETI_SL_0000000256_AVI_선생님.pkl,선생님
extracted-src/KETI_SL_0000000255_AVI_선반.pkl,선반
extracted-src/KETI_SL_0000000254_AVI_서초구.pkl,서초구
extracted-src/KETI_SL_0000000253_AVI_서울시.pkl,서울시
extracted-src/KETI_SL_0000000252_AVI_서랍.pkl,서랍
extracted-src/KETI_SL_0000000251_AVI_서대문구.pkl,서대문구
extracted-src/KETI_SL_0000000250_AVI_삼키다.pkl,삼키다
extracted-src/KETI_SL_0000000249_AVI_살해.pkl,살해
extracted-src/KETI_SL_0000000248_AVI_살충제.pkl,살충제
extracted-src/KETI_SL_0000008437_MOV_산에서 야생동물을 만났어요 저를 공격할 것 같아요.pkl,산에서 야생동물을 만났어요 저를 공격할 것 같아요
extracted-src/KETI_SL_0000008411_MOV_산에서 뱀에게 물렸어요.pkl,산에서 뱀에게 물렸어요
extracted-src/KETI_SL_0000000247_AVI_산.pkl,산
extracted-src/KETI_SL_0000000246_AVI_사이.pkl,사이
extracted-src/KETI_SL_0000008465_MOV_사람이 무거운 물건에 깔렸어요.pkl,사람이 무거운 물건에 깔렸어요
extracted-src/KETI_SL_0000000245_AVI_뼈.pkl,뼈
extracted-src/KETI_SL_0000008386_MOV_빨리 와주세요.pkl,빨리 와주세요
extracted-src/KETI_SL_0000008457_MOV_빨리 도와주세요.pkl,빨리 도와주세요
extracted-src/KETI_SL_0000000244_AVI_빌라.pkl,빌라
extracted-src/KETI_SL_0000008418_MOV_비행기가 추락하고 있어요.pkl,비행기가 추락하고 있어요
extracted-src/KETI_SL_0000000243_AVI_비상약.pkl,비상약
extracted-src/KETI_SL_0000000242_AVI_비닐하우스.pkl,비닐하우스
extracted-src/KETI_SL_0000000241_AVI_붕대.pkl,붕대
extracted-src/KETI_SL_0000000211_AVI_붕괴.pkl,붕괴
extracted-src/KETI_SL_0000000240_AVI_불나다.pkl,불나다
extracted-src/KETI_SL_0000000239_AVI_불.pkl,불
extracted-src/KETI_SL_0000000238_AVI_부엌.pkl,부엌
extracted-src/KETI_SL_0000000133_AVI_부러지다.pkl,부러지다
extracted-src/KETI_SL_0000000237_AVI_볼.pkl,볼
extracted-src/KETI_SL_0000008455_MOV_복통이 심해요.pkl,복통이 심해요
extracted-src/KETI_SL_0000000236_AVI_복통.pkl,복통
extracted-src/KETI_SL_0000000226_AVI_복부.pkl,복부
extracted-src/KETI_SL_0000000235_AVI_보내주세요구급차.pkl,보내주세요(구급차)
extracted-src/KETI_SL_0000000234_AVI_보내주세요경찰.pkl,보내주세요(경찰)
extracted-src/KETI_SL_0000000233_AVI_보건소.pkl,보건소
extracted-src/KETI_SL_0000000232_AVI_병원.pkl,병원
extracted-src/KETI_SL_0000000231_AVI_벼락.pkl,벼락
extracted-src/KETI_SL_0000000230_AVI_범람.pkl,범람
extracted-src/KETI_SL_0000000229_AVI_벌.pkl,벌
extracted-src/KETI_SL_0000000228_AVI_뱀.pkl,뱀
extracted-src/KETI_SL_0000000227_AVI_배고프다.pkl,배고프다
extracted-src/KETI_SL_0000008396_MOV_배가 침몰하고 있어요.pkl,배가 침몰하고 있어요
extracted-src/KETI_SL_0000000225_AVI_배.pkl,배
extracted-src/KETI_SL_0000000224_AVI_밭.pkl,밭
extracted-src/KETI_SL_0000000223_AVI_방망이.pkl,방망이
extracted-src/KETI_SL_0000000222_AVI_발작.pkl,발작
extracted-src/KETI_SL_0000008478_MOV_발목을 접질렀어요.pkl,발목을 접질렀어요
extracted-src/KETI_SL_0000000221_AVI_발목.pkl,발목
extracted-src/KETI_SL_0000000220_AVI_발가락.pkl,발가락
extracted-src/KETI_SL_0000000219_AVI_발.pkl,발
extracted-src/KETI_SL_0000000218_AVI_반점생기다.pkl,반점생기다
extracted-src/KETI_SL_0000008474_MOV_밖에 싸움이 났어요 경찰을 불러주세요.pkl,밖에 싸움이 났어요 경찰을 불러주세요
extracted-src/KETI_SL_0000008471_MOV_밖에 불이 났어요 소방차를 불러주세요.pkl,밖에 불이 났어요. 소방차를 불러주세요
extracted-src/KETI_SL_0000008472_MOV_밖에 모르는 사람이 서성거려요.pkl,밖에 모르는 사람이 서성거려요
extracted-src/KETI_SL_0000008427_MOV_바다에서 조난을 당했어요.pkl,바다에서 조난을 당했어요
extracted-src/KETI_SL_0000000217_AVI_바다.pkl,바다
extracted-src/KETI_SL_0000000215_AVI_밑에.pkl,밑에
extracted-src/KETI_SL_0000000214_AVI_물.pkl,물
extracted-src/KETI_SL_0000000213_AVI_문틈.pkl,문틈
extracted-src/KETI_SL_0000008429_MOV_문에 몸이 끼었어요.pkl,문에 몸이 끼었어요
extracted-src/KETI_SL_0000008484_MOV_무릎 인대를 다친 것 같아요.pkl,무릎 인대를 다친 것 같아요
extracted-src/KETI_SL_0000000212_AVI_무릎.pkl,무릎
extracted-src/KETI_SL_0000000210_AVI_무너지다.pkl,무너지다
extracted-src/KETI_SL_0000008434_MOV_몸이 결박 당해있어요.pkl,몸이 결박 당해있어요
extracted-src/KETI_SL_0000008466_MOV_몸에 열이 많이 나고 두통이 심해요.pkl,몸에 열이 많이 나고 두통이 심해요
extracted-src/KETI_SL_0000000209_AVI_목요일.pkl,목요일
extracted-src/KETI_SL_0000000208_AVI_목.pkl,목
extracted-src/KETI_SL_0000000207_AVI_멧돼지.pkl,멧돼지
extracted-src/KETI_SL_0000000206_AVI_머리.pkl,머리
extracted-src/KETI_SL_0000000205_AVI_맹견.pkl,맹견
extracted-src/KETI_SL_0000008423_MOV_말벌에게 쏘였어요.pkl,말벌에게 쏘였어요
extracted-src/KETI_SL_0000000204_AVI_말벌.pkl,말벌
extracted-src/KETI_SL_0000000203_AVI_말려주세요.pkl,말려주세요
extracted-src/KETI_SL_0000000202_AVI_마포구.pkl,마포구
extracted-src/KETI_SL_0000000201_AVI_마당.pkl,마당
extracted-src/KETI_SL_0000000200_AVI_뜨거운물.pkl,뜨거운물
extracted-src/KETI_SL_0000000198_AVI_떨어지다.pkl,떨어지다
extracted-src/KETI_SL_0000000197_AVI_딸.pkl,딸
extracted-src/KETI_SL_0000000196_AVI_등.pkl,등
extracted-src/KETI_SL_0000000195_AVI_뒤통수.pkl,뒤통수
extracted-src/KETI_SL_0000000194_AVI_뒤.pkl,뒤
extracted-src/KETI_SL_0000000193_AVI_두드러기생기다.pkl,두드러기생기다
extracted-src/KETI_SL_0000000192_AVI_동전.pkl,동전
extracted-src/KETI_SL_0000000191_AVI_동작구.pkl,동작구
extracted-src/KETI_SL_0000008384_MOV_동생이 문틈에 손이 끼었어요.pkl,동생이 문틈에 손이 끼었어요
extracted-src/KETI_SL_0000000190_AVI_동생.pkl,동생
extracted-src/KETI_SL_0000000189_AVI_동대문구.pkl,동대문구
extracted-src/KETI_SL_0000000188_AVI_독사.pkl,독사
extracted-src/KETI_SL_0000008425_MOV_독버섯을 먹은 것 같아요.pkl,독버섯을 먹은 것 같아요
extracted-src/KETI_SL_0000000187_AVI_독버섯.pkl,독버섯
extracted-src/KETI_SL_0000000186_AVI_독극물.pkl,독극물
extracted-src/KETI_SL_0000008436_MOV_도와주세요.pkl,도와주세요!
extracted-src/KETI_SL_0000000185_AVI_도봉구.pkl,도봉구
extracted-src/KETI_SL_0000000184_AVI_도로.pkl,도로
extracted-src/KETI_SL_0000000182_AVI_도둑.pkl,도둑
extracted-src/KETI_SL_0000000181_AVI_대문앞.pkl,대문앞
extracted-src/KETI_SL_0000000180_AVI_달월.pkl,달(월)
extracted-src/KETI_SL_0000000179_AVI_다음.pkl,다음
extracted-src/KETI_SL_0000000178_AVI_다리.pkl,다리
extracted-src/KETI_SL_0000008414_MOV_눈에 이물질이 들어갔어요.pkl,눈에 이물질이 들어갔어요
extracted-src/KETI_SL_0000000177_AVI_눈.pkl,눈
extracted-src/KETI_SL_0000000176_AVI_누출.pkl,누출
extracted-src/KETI_SL_0000000175_AVI_누전.pkl,누전
extracted-src/KETI_SL_0000000174_AVI_누수.pkl,누수
extracted-src/KETI_SL_0000000173_AVI_누나.pkl,누나
extracted-src/KETI_SL_0000000172_AVI_농약.pkl,농약
extracted-src/KETI_SL_0000000139_AVI_놀이터.pkl,놀이터
extracted-src/KETI_SL_0000000171_AVI_논.pkl,논
extracted-src/KETI_SL_0000000170_AVI_노원구.pkl,노원구
extracted-src/KETI_SL_0000008385_MOV_너무 아파요.pkl,너무 아파요
extracted-src/KETI_SL_0000000169_AVI_냄새나다.pkl,냄새나다
extracted-src/KETI_SL_0000000168_AVI_내일.pkl,내일
extracted-src/KETI_SL_0000000167_AVI_내년.pkl,내년
extracted-src/KETI_SL_0000008459_MOV_내가 방에 갇혔어요.pkl,내가 방에 갇혔어요
extracted-src/KETI_SL_0000000166_AVI_낯선여자.pkl,낯선여자
extracted-src/KETI_SL_0000000165_AVI_낯선사람.pkl,낯선사람
extracted-src/KETI_SL_0000000164_AVI_낯선남자.pkl,낯선남자
extracted-src/KETI_SL_0000000163_AVI_낫.pkl,낫
extracted-src/KETI_SL_0000000162_AVI_납치.pkl,납치
extracted-src/KETI_SL_0000000161_AVI_남학생.pkl,남학생
extracted-src/KETI_SL_0000008463_MOV_남편이 높은데서 떨어져서 머리에서 피나요.pkl,남편이 높은데서 떨어져서 머리에서 피나요
extracted-src/KETI_SL_0000000160_AVI_남편.pkl,남편
extracted-src/KETI_SL_0000000159_AVI_남자친구.pkl,남자친구
extracted-src/KETI_SL_0000000158_AVI_끓는물.pkl,끓는물
extracted-src/KETI_SL_0000000157_AVI_깔리다.pkl,깔리다
extracted-src/KETI_SL_0000000156_AVI_기절하다.pkl,기절하다
extracted-src/KETI_SL_0000000155_AVI_기절.pkl,기절
extracted-src/KETI_SL_0000008417_MOV_급류에 친구가 휩쓸렸어요.pkl,급류에 친구가 휩쓸렸어요
extracted-src/KETI_SL_0000000154_AVI_급류.pkl,급류
extracted-src/KETI_SL_0000000153_AVI_금천구.pkl,금천구
extracted-src/KETI_SL_0000000152_AVI_금요일.pkl,금요일
extracted-src/KETI_SL_0000000151_AVI_금가다.pkl,금가다
extracted-src/KETI_SL_0000008390_MOV_근처에서 폭탄이 터졌어요.pkl,근처에서 폭탄이 터졌어요
extracted-src/KETI_SL_0000008402_MOV_근처에 있는 건물이 붕괴되고 있어요.pkl,근처에 있는 건물이 붕괴되고 있어요
extracted-src/KETI_SL_0000000150_AVI_귀.pkl,귀
extracted-src/KETI_SL_0000000149_AVI_구해주세요.pkl,구해주세요
extracted-src/KETI_SL_0000000148_AVI_구청.pkl,구청
extracted-src/KETI_SL_0000000147_AVI_구로구.pkl,구로구
extracted-src/KETI_SL_0000000146_AVI_구급차.pkl,구급차
extracted-src/KETI_SL_0000000145_AVI_구급대원.pkl,구급대원
extracted-src/KETI_SL_0000000144_AVI_구급대.pkl,구급대
extracted-src/KETI_SL_0000000143_AVI_교통사고.pkl,교통사고
extracted-src/KETI_SL_0000000142_AVI_광진구.pkl,광진구
extracted-src/KETI_SL_0000008412_MOV_광견병에 걸린 개에게 물렸어요.pkl,광견병에 걸린 개에게 물렸어요
extracted-src/KETI_SL_0000000141_AVI_관악구.pkl,관악구
extracted-src/KETI_SL_0000000140_AVI_공장.pkl,공장
extracted-src/KETI_SL_0000000138_AVI_공원.pkl,공원
extracted-src/KETI_SL_0000000137_AVI_공사장.pkl,공사장
extracted-src/KETI_SL_0000000136_AVI_곰.pkl,곰
extracted-src/KETI_SL_0000000134_AVI_골절.pkl,골절
extracted-src/KETI_SL_0000000132_AVI_고장.pkl,고장
extracted-src/KETI_SL_0000000131_AVI_고열.pkl,고열
extracted-src/KETI_SL_0000000130_AVI_고압전선.pkl,고압전선
extracted-src/KETI_SL_0000008432_MOV_고압선이 끊어져 있어요.pkl,고압선이 끊어져 있어요
extracted-src/KETI_SL_0000008395_MOV_고속도로에서 자동차가 갑자기 멈췄어요.pkl,고속도로에서 자동차가 갑자기 멈췄어요
extracted-src/KETI_SL_0000000129_AVI_고속도로.pkl,고속도로
extracted-src/KETI_SL_0000000128_AVI_계단.pkl,계단
extracted-src/KETI_SL_0000000127_AVI_계곡.pkl,계곡
extracted-src/KETI_SL_0000000126_AVI_경찰차.pkl,경찰차
extracted-src/KETI_SL_0000000125_AVI_경찰.pkl,경찰
extracted-src/KETI_SL_0000000124_AVI_경운기.pkl,경운기
extracted-src/KETI_SL_0000000123_AVI_결박.pkl,결박
extracted-src/KETI_SL_0000000122_AVI_걸렸다.pkl,걸렸다
extracted-src/KETI_SL_0000000121_AVI_거실.pkl,거실
extracted-src/KETI_SL_0000000120_AVI_개.pkl,개
extracted-src/KETI_SL_0000000119_AVI_강풍.pkl,강풍
extracted-src/KETI_SL_0000008393_MOV_강아지가 뼈를 삼켰어요.pkl,강아지가 뼈를 삼켰어요
extracted-src/KETI_SL_0000000118_AVI_강서구.pkl,강서구
extracted-src/KETI_SL_0000000117_AVI_강북구.pkl,강북구
extracted-src/KETI_SL_0000000116_AVI_강동구.pkl,강동구
extracted-src/KETI_SL_0000008446_MOV_강도가 들어온것 같아요.pkl,강도가 들어온것 같아요
extracted-src/KETI_SL_0000000115_AVI_강남구.pkl,강남구
extracted-src/KETI_SL_0000000114_AVI_강.pkl,강
extracted-src/KETI_SL_0000008444_MOV_감전 사고가 났어요.pkl,감전 사고가 났어요
extracted-src/KETI_SL_0000000113_AVI_감전.pkl,감전
extracted-src/KETI_SL_0000000112_AVI_감금.pkl,감금
extracted-src/KETI_SL_0000000111_AVI_갇히다.pkl,갇히다
extracted-src/KETI_SL_0000000110_AVI_각목.pkl,각목
extracted-src/KETI_SL_0000000109_AVI_가시.pkl,가시
extracted-src/KETI_SL_0000000108_AVI_가슴.pkl,가슴
extracted-src/KETI_SL_0000008443_MOV_가스가 새고 있어요.pkl,가스가 새고 있어요
extracted-src/KETI_SL_0000008430_MOV_가스가 새고 있는 것 같아요.pkl,가스가 새고 있는 것 같아요
extracted-src/KETI_SL_0000000107_AVI_가스.pkl,가스
extracted-src/KETI_SL_0000000106_AVI_가렵다.pkl,가렵다
extracted-src/KETI_SL_0000008469_MOV_119 구조대를 불러주세요.pkl,119 구조대를 불러주세요
extracted-src/KETI_SL_0000008473_MOV_112에 신고해주세요.pkl,112에 신고해주세요
extracted-src/KETI_SL_0000008426_MOV_신체부위가 절단됐어요.pkl,(신체부위)가 절단됐어요
extracted-src/KETI_SL_0000008392_MOV_사람이 갑자기 쓰러졌어요.pkl,(사람)이 갑자기 쓰러졌어요
extracted-src/KETI_SL_0000000105_AVI_10000.pkl,10000
extracted-src/KETI_SL_0000000104_AVI_1000.pkl,1000
extracted-src/KETI_SL_0000000103_AVI_119.pkl,119
extracted-src/KETI_SL_0000000102_AVI_112.pkl,112
extracted-src/KETI_SL_0000000101_AVI_100.pkl,100
extracted-src/KETI_SL_0000000100_AVI_99.pkl,99
extracted-src/KETI_SL_0000000099_AVI_98.pkl,98
extracted-src/KETI_SL_0000000098_AVI_97.pkl,97
extracted-src/KETI_SL_0000000097_AVI_96.pkl,96
extracted-src/KETI_SL_0000000096_AVI_95.pkl,95
extracted-src/KETI_SL_0000002509_AVI_93.pkl,93
extracted-src/KETI_SL_0000000095_AVI_94.pkl,94
extracted-src/KETI_SL_0000000093_AVI_92.pkl,92
extracted-src/KETI_SL_0000000092_AVI_91.pkl,91
extracted-src/KETI_SL_0000000091_AVI_90.pkl,90
extracted-src/KETI_SL_0000000090_AVI_89.pkl,89
extracted-src/KETI_SL_0000000089_AVI_88.pkl,88
extracted-src/KETI_SL_0000000088_AVI_87.pkl,87
extracted-src/KETI_SL_0000000087_AVI_86.pkl,86
extracted-src/KETI_SL_0000000086_AVI_85.pkl,85
extracted-src/KETI_SL_0000000085_AVI_84.pkl,84
extracted-src/KETI_SL_0000000084_AVI_83.pkl,83
extracted-src/KETI_SL_0000000083_AVI_82.pkl,82
extracted-src/KETI_SL_0000000082_AVI_81.pkl,81
extracted-src/KETI_SL_0000000081_AVI_80.pkl,80
extracted-src/KETI_SL_0000000080_AVI_79.pkl,79
extracted-src/KETI_SL_0000000079_AVI_78.pkl,78
extracted-src/KETI_SL_0000000078_AVI_77.pkl,77
extracted-src/KETI_SL_0000000077_AVI_76.pkl,76
extracted-src/KETI_SL_0000000076_AVI_75.pkl,75
extracted-src/KETI_SL_0000000075_AVI_74.pkl,74
extracted-src/KETI_SL_0000000074_AVI_73.pkl,73
extracted-src/KETI_SL_0000000073_AVI_72.pkl,72
extracted-src/KETI_SL_0000000072_AVI_71.pkl,71
extracted-src/KETI_SL_0000000071_AVI_70.pkl,70
extracted-src/KETI_SL_0000000070_AVI_69.pkl,69
extracted-src/KETI_SL_0000000069_AVI_68.pkl,68
extracted-src/KETI_SL_0000000068_AVI_67.pkl,67
extracted-src/KETI_SL_0000000067_AVI_66.pkl,66
extracted-src/KETI_SL_0000000066_AVI_65.pkl,65
extracted-src/KETI_SL_0000000065_AVI_64.pkl,64
extracted-src/KETI_SL_0000000064_AVI_63.pkl,63
extracted-src/KETI_SL_0000000063_AVI_62.pkl,62
extracted-src/KETI_SL_0000000062_AVI_61.pkl,61
extracted-src/KETI_SL_0000000061_AVI_60.pkl,60
extracted-src/KETI_SL_0000000060_AVI_59.pkl,59
extracted-src/KETI_SL_0000000059_AVI_58.pkl,58
extracted-src/KETI_SL_0000000058_AVI_57.pkl,57
extracted-src/KETI_SL_0000000057_AVI_56.pkl,56
extracted-src/KETI_SL_0000000056_AVI_55.pkl,55
extracted-src/KETI_SL_0000000055_AVI_54.pkl,54
extracted-src/KETI_SL_0000000054_AVI_53.pkl,53
extracted-src/KETI_SL_0000000053_AVI_52.pkl,52
extracted-src/KETI_SL_0000000052_AVI_51.pkl,51
extracted-src/KETI_SL_0000000051_AVI_50.pkl,50
extracted-src/KETI_SL_0000002459_AVI_48.pkl,48
extracted-src/KETI_SL_0000000050_AVI_49.pkl,49
extracted-src/KETI_SL_0000000048_AVI_47.pkl,47
extracted-src/KETI_SL_0000000047_AVI_46.pkl,46
extracted-src/KETI_SL_0000000046_AVI_45.pkl,45
extracted-src/KETI_SL_0000000045_AVI_44.pkl,44
extracted-src/KETI_SL_0000000044_AVI_43.pkl,43
extracted-src/KETI_SL_0000000043_AVI_42.pkl,42
extracted-src/KETI_SL_0000000042_AVI_41.pkl,41
extracted-src/KETI_SL_0000000041_AVI_40.pkl,40
extracted-src/KETI_SL_0000000040_AVI_39.pkl,39
extracted-src/KETI_SL_0000000039_AVI_38.pkl,38
extracted-src/KETI_SL_0000000038_AVI_37.pkl,37
extracted-src/KETI_SL_0000000037_AVI_36.pkl,36
extracted-src/KETI_SL_0000000036_AVI_35.pkl,35
extracted-src/KETI_SL_0000000035_AVI_34.pkl,34
extracted-src/KETI_SL_0000000034_AVI_33.pkl,33
extracted-src/KETI_SL_0000000033_AVI_32.pkl,32
extracted-src/KETI_SL_0000000032_AVI_31.pkl,31
extracted-src/KETI_SL_0000000031_AVI_30.pkl,30
extracted-src/KETI_SL_0000000030_AVI_29.pkl,29
extracted-src/KETI_SL_0000000029_AVI_28.pkl,28
extracted-src/KETI_SL_0000000028_AVI_27.pkl,27
extracted-src/KETI_SL_0000000027_AVI_26.pkl,26
extracted-src/KETI_SL_0000000026_AVI_25.pkl,25
extracted-src/KETI_SL_0000000025_AVI_24.pkl,24
extracted-src/KETI_SL_0000000024_AVI_23.pkl,23
extracted-src/KETI_SL_0000000023_AVI_22.pkl,22
extracted-src/KETI_SL_0000000022_AVI_21.pkl,21
extracted-src/KETI_SL_0000000021_AVI_20.pkl,20
extracted-src/KETI_SL_0000000020_AVI_19.pkl,19
extracted-src/KETI_SL_0000000019_AVI_18.pkl,18
extracted-src/KETI_SL_0000000018_AVI_17.pkl,17
extracted-src/KETI_SL_0000000017_AVI_16.pkl,16
extracted-src/KETI_SL_0000000016_AVI_15.pkl,15
extracted-src/KETI_SL_0000000015_AVI_14.pkl,14
extracted-src/KETI_SL_0000000014_AVI_13.pkl,13
extracted-src/KETI_SL_0000000013_AVI_12.pkl,12
extracted-src/KETI_SL_0000000012_AVI_11.pkl,11
extracted-src/KETI_SL_0000000011_AVI_10.pkl,10
extracted-src/KETI_SL_0000000010_AVI_9.pkl,9
extracted-src/KETI_SL_0000000009_AVI_8.pkl,8
extracted-src/KETI_SL_0000000008_AVI_7.pkl,7
extracted-src/KETI_SL_0000000007_AVI_6.pkl,6
extracted-src/KETI_SL_0000000006_AVI_5.pkl,5
extracted-src/KETI_SL_0000000005_AVI_4.pkl,4
extracted-src/KETI_SL_0000000004_AVI_3.pkl,3
extracted-src/KETI_SL_0000000003_AVI_2.pkl,2
extracted-src/KETI_SL_0000000002_AVI_1.pkl,1
extracted-src/KETI_SL_0000000001_AVI_0.pkl,0
extracted-src/KETI_SL_RES_0000000001_MOV_112입니다.pkl,112입니다.
extracted-src/KETI_SL_RES_0000000002_MOV_119입니다.pkl,119입니다.
extracted-src/KETI_SL_RES_0000000003_MOV_네.pkl,네.
extracted-src/KETI_SL_RES_0000000004_MOV_아니오.pkl,아니오.
extracted-src/KETI_SL_RES_0000000005_MOV_알겠어요.pkl,알겠어요.
extracted-src/KETI_SL_RES_0000000006_MOV_현관문은 열려있나요.pkl,현관문은 열려있나요?
extracted-src/KETI_SL_RES_0000000007_MOV_현관문을 열어줄 수 있나요.pkl,현관문을 열어줄 수 있나요?
extracted-src/KETI_SL_RES_0000000008_MOV_집을 빠져나갈 수 있는 길이 있나요.pkl,집을 빠져나갈 수 있는 길이 있나요?
extracted-src/KETI_SL_RES_0000000009_MOV_거기에 창문이 있나요.pkl,거기에 창문이 있나요?
extracted-src/KETI_SL_RES_0000000010_MOV_지금 안전한 곳에 계신가요.pkl,지금 안전한 곳에 계신가요?
extracted-src/KETI_SL_RES_0000000011_MOV_집에 혼자있나요.pkl,집에 혼자있나요?
extracted-src/KETI_SL_RES_0000000012_MOV_지금 엄마는 어디에 있나요.pkl,지금 엄마는 어디에 있나요?
extracted-src/KETI_SL_RES_0000000013_MOV_주변에 사람이 보이시나요.pkl,주변에 사람이 보이시나요?
extracted-src/KETI_SL_RES_0000000014_MOV_주변에 어디 들어가 있을 곳이 없나요.pkl,주변에 어디 들어가 있을 곳이 없나요?
extracted-src/KETI_SL_RES_0000000015_MOV_전화 받는 분의 나이가 어떻게 되나요.pkl,전화 받는 분의 나이가 어떻게 되나요?
extracted-src/KETI_SL_RES_0000000016_MOV_환자 나이가 어떻게 되나요.pkl,환자 나이가 어떻게 되나요?
extracted-src/KETI_SL_RES_0000000017_MOV_주변에 아무도 없나요.pkl,주변에 아무도 없나요?
extracted-src/KETI_SL_RES_0000000018_MOV_이름을 알려줄래요.pkl,이름을 알려줄래요?
extracted-src/KETI_SL_RES_0000000019_MOV_선생님 이름이 어떻게 되시죠.pkl,선생님 이름이 어떻게 되시죠?
extracted-src/KETI_SL_RES_0000000020_MOV_언제요.pkl,언제요?
extracted-src/KETI_SL_RES_0000000021_MOV_발견한지 얼마나 지나셨나요.pkl,발견한지 얼마나 지나셨나요?
extracted-src/KETI_SL_RES_0000000022_MOV_그 시간에 전화하신 분은 안계셨나요.pkl,그 시간에 전화하신 분은 안계셨나요?
extracted-src/KETI_SL_RES_0000000023_MOV_거기 지금 누구랑 같이 있나요.pkl,거기 지금 누구랑 같이 있나요?
extracted-src/KETI_SL_RES_0000000024_MOV_친구한테 무슨 문제가 있나요.pkl,친구한테 무슨 문제가 있나요?
extracted-src/KETI_SL_RES_0000000025_MOV_왜 뛰어내리려고 하시는거죠.pkl,왜 뛰어내리려고 하시는거죠?
extracted-src/KETI_SL_RES_0000000026_MOV_무엇으로 살해했나요.pkl,무엇으로 살해했나요?
extracted-src/KETI_SL_RES_0000000027_MOV_자주 싸우셨나요.pkl,자주 싸우셨나요?
extracted-src/KETI_SL_RES_0000000028_MOV_갑자기 무너진 건가요.pkl,갑자기 무너진 건가요?
extracted-src/KETI_SL_RES_0000000029_MOV_혹시 다친 사람들이 많이 있나요.pkl,혹시 다친 사람들이 많이 있나요?
extracted-src/KETI_SL_RES_0000000030_MOV_혹시 다치신 분은 없으신가요.pkl,혹시 다치신 분은 없으신가요?
extracted-src/KETI_SL_RES_0000000031_MOV_남성분이 어떻게 난동을 부리고 있으신가요.pkl,남성분이 어떻게 난동을 부리고 있으신가요?
extracted-src/KETI_SL_RES_0000000032_MOV_어디서 납치된 건지 기억나시나요.pkl,어디서 납치된 건지 기억나시나요?
extracted-src/KETI_SL_RES_0000000033_MOV_아직도 쫓아오나요.pkl,아직도 쫓아오나요?
extracted-src/KETI_SL_RES_0000000034_MOV_불이 얼만큼 번졌나요.pkl,불이 얼만큼 번졌나요?
extracted-src/KETI_SL_RES_0000000035_MOV_혹시 사고난 차량 운전자 분은 괜찮으신가요.pkl,혹시 사고난 차량 운전자 분은 괜찮으신가요?
extracted-src/KETI_SL_RES_0000000036_MOV_지금 그쪽에 몇명이 구타를 하고 있는지 보이세요.pkl,지금 그쪽에 몇명이 구타를 하고 있는지 보이세요?
extracted-src/KETI_SL_RES_0000000037_MOV_어떻게 발견하시게 된거세요.pkl,어떻게 발견하시게 된거세요?
extracted-src/KETI_SL_RES_0000000038_MOV_남성인가요.pkl,남성인가요?
extracted-src/KETI_SL_RES_0000000039_MOV_지금 불이 어떻게 퍼지고 있나요.pkl,지금 불이 어떻게 퍼지고 있나요?
extracted-src/KETI_SL_RES_0000000040_MOV_최초에 어떻게 불길이 번졌는지 알고 계시나요.pkl,최초에 어떻게 불길이 번졌는지 알고 계시나요?
extracted-src/KETI_SL_RES_0000000041_MOV_일단 사람을 빨리 구출 할 순 있나요.pkl,일단 사람을 빨리 구출 할 순 있나요?
extracted-src/KETI_SL_RES_0000000042_MOV_응급조치는 하셨나요.pkl,응급조치는 하셨나요?
extracted-src/KETI_SL_RES_0000000043_MOV_그 안에 사람이 많이 있나요.pkl,그 안에 사람이 많이 있나요?
extracted-src/KETI_SL_RES_0000000044_MOV_거기 몇명 정도 있으세요.pkl,거기 몇명 정도 있으세요?
extracted-src/KETI_SL_RES_0000000045_MOV_운전자 분은 괜찮으세요.pkl,운전자 분은 괜찮으세요?
extracted-src/KETI_SL_RES_0000000046_MOV_지금도 폭행을 당하시고 계시는거죠.pkl,지금도 폭행을 당하시고 계시는거죠?
extracted-src/KETI_SL_RES_0000000047_MOV_사망자가 있나요.pkl,사망자가 있나요?
extracted-src/KETI_SL_RES_0000000048_MOV_총알이 어디에 맞았나요.pkl,총알이 어디에 맞았나요?
extracted-src/KETI_SL_RES_0000000049_MOV_혹시 차량 번호를 확인 하셨나요.pkl,혹시 차량 번호를 확인 하셨나요?
extracted-src/KETI_SL_RES_0000000050_MOV_몇명이나 떨어졌죠.pkl,몇명이나 떨어졌죠?
extracted-src/KETI_SL_RES_0000000051_MOV_높이가 얼마나 되나요.pkl,높이가 얼마나 되나요?
extracted-src/KETI_SL_RES_0000000052_MOV_아이를 어디서 잃어버리셨어요.pkl,아이를 어디서 잃어버리셨어요?
extracted-src/KETI_SL_RES_0000000053_MOV_주변에 혹시 목격자 있으신가요.pkl,주변에 혹시 목격자 있으신가요?
extracted-src/KETI_SL_RES_0000000054_MOV_환자분 나이대가 어떻게 보이나요.pkl,환자분 나이대가 어떻게 보이나요?
extracted-src/KETI_SL_RES_0000000055_MOV_몇층에서 떨어졌는지는 보셨나요.pkl,몇층에서 떨어졌는지는 보셨나요?
extracted-src/KETI_SL_RES_0000000056_MOV_언제 아이가 사라졌나요.pkl,언제 아이가 사라졌나요?
extracted-src/KETI_SL_RES_0000000057_MOV_주변에 도와줄 사람이 없나요.pkl,주변에 도와줄 사람이 없나요?
extracted-src/KETI_SL_RES_0000000058_MOV_방금 발견하셨나요.pkl,방금 발견하셨나요?
extracted-src/KETI_SL_RES_0000000059_MOV_싸우는 정도가 심각한가요.pkl,싸우는 정도가 심각한가요?
extracted-src/KETI_SL_RES_0000000060_MOV_어떻게 떨어졌나요.pkl,어떻게 떨어졌나요?
extracted-src/KETI_SL_RES_0000000061_MOV_불이 크게 났나요.pkl,불이 크게 났나요?
extracted-src/KETI_SL_RES_0000000062_MOV_안에 다치신 분들은 계신가요.pkl,안에 다치신 분들은 계신가요?
extracted-src/KETI_SL_RES_0000000063_MOV_폭행을 한 사람들은 몇 명이였나요.pkl,폭행을 한 사람들은 몇 명이였나요?
extracted-src/KETI_SL_RES_0000000064_MOV_몇대가 추돌했나요.pkl,몇대가 추돌했나요?
extracted-src/KETI_SL_RES_0000000065_MOV_혹시 집안의 사람들은 다 대피하였나요.pkl,혹시 집안의 사람들은 다 대피하였나요?
extracted-src/KETI_SL_RES_0000000066_MOV_무슨일이신가요.pkl,무슨일이신가요?
extracted-src/KETI_SL_RES_0000000067_MOV_어떤 응급상황인가요.pkl,어떤 응급상황인가요?
extracted-src/KETI_SL_RES_0000000068_MOV_무엇을 도와드릴까요.pkl,무엇을 도와드릴까요?
extracted-src/KETI_SL_RES_0000000069_MOV_무엇이 필요하신가요.pkl,무엇이 필요하신가요?
extracted-src/KETI_SL_RES_0000000070_MOV_상황을 설명해 주실 수 있나요.pkl,상황을 설명해 주실 수 있나요?
extracted-src/KETI_SL_RES_0000000071_MOV_주소가 어떻게 되나요.pkl,주소가 어떻게 되나요?
extracted-src/KETI_SL_RES_0000000072_MOV_위치가 어딘지 알 수 있을까요.pkl,위치가 어딘지 알 수 있을까요?
extracted-src/KETI_SL_RES_0000000073_MOV_위치 좀 다시 한번 말씀해주세요.pkl,위치 좀 다시 한번 말씀해주세요
extracted-src/KETI_SL_RES_0000000074_MOV_화재가 난 건물이 어디죠.pkl,화재가 난 건물이 어디죠?
extracted-src/KETI_SL_RES_0000000075_MOV_몇층에서 불이 나고 있나요.pkl,몇층에서 불이 나고 있나요?
extracted-src/KETI_SL_RES_0000000076_MOV_어디서 사고가 일어났죠.pkl,어디서 사고가 일어났죠?
extracted-src/KETI_SL_RES_0000000077_MOV_주변에 보이는 건물이나 상가가 있나요.pkl,주변에 보이는 건물이나 상가가 있나요?
extracted-src/KETI_SL_RES_0000000078_MOV_마지막으로 기억에 남는 장소가 있으세요.pkl,마지막으로 기억에 남는 장소가 있으세요?
extracted-src/KETI_SL_RES_0000000079_MOV_집안 어디에 계세요.pkl,집안 어디에 계세요?
extracted-src/KETI_SL_RES_0000000080_MOV_비행기 어디에 타고 계세요.pkl,비행기 어디에 타고 계세요?
extracted-src/KETI_SL_RES_0000000081_MOV_지금 괜찮으세요.pkl,지금 괜찮으세요?
extracted-src/KETI_SL_RES_0000000082_MOV_가슴에 통증이 있나요.pkl,가슴에 통증이 있나요?
extracted-src/KETI_SL_RES_0000000083_MOV_언제부터 아프셨어요.pkl,언제부터 아프셨어요?
extracted-src/KETI_SL_RES_0000000084_MOV_그 전에 병원을 다녔던 경력이 있나요.pkl,그 전에 병원을 다녔던 경력이 있나요?
extracted-src/KETI_SL_RES_0000000085_MOV_크게 다쳤나요.pkl,크게 다쳤나요?
extracted-src/KETI_SL_RES_0000000086_MOV_얼마나 다쳤나요.pkl,얼마나 다쳤나요?
extracted-src/KETI_SL_RES_0000000087_MOV_어디에 화상을 입으신 건가요.pkl,어디에 화상을 입으신 건가요?
extracted-src/KETI_SL_RES_0000000088_MOV_환자 상태가 어떤가요.pkl,환자 상태가 어떤가요?
extracted-src/KETI_SL_RES_0000000089_MOV_가슴에 통증이 있는지 물어봐줄래요.pkl,가슴에 통증이 있는지 물어봐줄래요?
extracted-src/KETI_SL_RES_0000000090_MOV_환자는 지금 깨어있나요.pkl,환자는 지금 깨어있나요?
extracted-src/KETI_SL_RES_0000000091_MOV_추가로 계속 피를 흘리고 있나요.pkl,추가로 계속 피를 흘리고 있나요?
extracted-src/KETI_SL_RES_0000000092_MOV_눈이 떠져있나요.pkl,눈이 떠져있나요?
extracted-src/KETI_SL_RES_0000000093_MOV_당신과 아이컨택을 하고 있나요.pkl,당신과 아이컨택을 하고 있나요?
extracted-src/KETI_SL_RES_0000000094_MOV_지금 환자분 의식이 있는 상태인가요.pkl,지금 환자분 의식이 있는 상태인가요?
extracted-src/KETI_SL_RES_0000000095_MOV_아직 살아있나요.pkl,아직 살아있나요?
extracted-src/KETI_SL_RES_0000000096_MOV_환자가 숨을 쉬고 있나요.pkl,환자가 숨을 쉬고 있나요?
extracted-src/KETI_SL_RES_0000000097_MOV_어떻게 죽었다는거죠.pkl,어떻게 죽었다는거죠?
extracted-src/KETI_SL_RES_0000000098_MOV_환자가 대화가 가능한가요.pkl,환자가 대화가 가능한가요?
extracted-src/KETI_SL_RES_0000000099_MOV_산모의 상태는 어떤가요.pkl,산모의 상태는 어떤가요?
extracted-src/KETI_SL_RES_0000000100_MOV_환자가 쓰러지신지 얼마나 되셨죠.pkl,환자가 쓰러지신지 얼마나 되셨죠?
extracted-src/KETI_SL_RES_0000000101_MOV_저희가 도착할 때까지 계속 통화할 수 있나요.pkl,저희가 도착할 때까지 계속 통화할 수 있나요?
extracted-src/KETI_SL_RES_0000000102_MOV_전화 끊지 말고 잠시만 기다리세요.pkl,전화 끊지 말고 잠시만 기다리세요.
extracted-src/KETI_SL_RES_0000000103_MOV_그분들이 도착할 때까지 전화 끊으면 안돼요.pkl,그분들이 도착할 때까지 전화 끊으면 안돼요
extracted-src/KETI_SL_RES_0000000104_MOV_혹시 저희가 출동하는 동안 상황을 지켜봐주실 수 있나요.pkl,혹시 저희가 출동하는 동안 상황을 지켜봐주실 수 있나요?
extracted-src/KETI_SL_RES_0000000105_MOV_환자 옆에 계속 있어주겠어요.pkl,환자 옆에 계속 있어주겠어요?
extracted-src/KETI_SL_RES_0000000106_MOV_잠시만 주변에 숨어계세요.pkl,잠시만 주변에 숨어계세요
extracted-src/KETI_SL_RES_0000000107_MOV_숨을 수 있는 곳으로 도망치세요.pkl,숨을 수 있는 곳으로 도망치세요
extracted-src/KETI_SL_RES_0000000108_MOV_조금만 진정하세요.pkl,조금만 진정하세요
extracted-src/KETI_SL_RES_0000000109_MOV_가슴을 계속 누르고 있으세요.pkl,가슴을 계속 누르고 있으세요
extracted-src/KETI_SL_RES_0000000110_MOV_숨이 멈추면 저한테 이야기 해 주세요.pkl,숨이 멈추면 저한테 이야기 해 주세요
extracted-src/KETI_SL_RES_0000000111_MOV_CPR을 시작해주세요.pkl,CPR을 시작해주세요
extracted-src/KETI_SL_RES_0000000112_MOV_당황하지 마시고 큰 길로 나가세요.pkl,당황하지 마시고 큰 길로 나가세요
extracted-src/KETI_SL_RES_0000000113_MOV_선실 밖으로 나가서 구조를 요청하세요.pkl,선실 밖으로 나가서 구조를 요청하세요
extracted-src/KETI_SL_RES_0000000114_MOV_갑판에서 구조를 기다려주세요.pkl,갑판에서 구조를 기다려주세요
extracted-src/KETI_SL_RES_0000000115_MOV_주변에 가까이 가지 마시고 경찰이 올 때까지 기다리세요.pkl,주변에 가까이 가지 마시고 경찰이 올 때까지 기다리세요
extracted-src/KETI_SL_RES_0000000116_MOV_일단 대피하시고 잠시만 기다려주세요.pkl,일단 대피하시고 잠시만 기다려주세요
extracted-src/KETI_SL_RES_0000000117_MOV_일단 사람이 많은 곳으로 이동하신 다음에 주변을 확인해주세요.pkl,일단 사람이 많은 곳으로 이동하신 다음에 주변을 확인해주세요
extracted-src/KETI_SL_RES_0000000118_MOV_일단 가서 말려주세요.pkl,일단 가서 말려주세요
extracted-src/KETI_SL_RES_0000000119_MOV_잠시만 기다려주세요.pkl,잠시만 기다려주세요
extracted-src/KETI_SL_RES_0000000120_MOV_도와줄 사람들을 금방 보내줄게요.pkl,도와줄 사람들을 금방 보내줄게요
extracted-src/KETI_SL_RES_0000000121_MOV_금방 도움을 드리겠습니다.pkl,금방 도움을 드리겠습니다
extracted-src/KETI_SL_RES_0000000122_MOV_경찰이 곧 갈거니까 잠시만 기다리세요.pkl,경찰이 곧 갈거니까 잠시만 기다리세요
extracted-src/KETI_SL_RES_0000000123_MOV_소방차가 곧 갈거니까 잠시만 기다리세요.pkl,소방차가 곧 갈거니까 잠시만 기다리세요
extracted-src/KETI_SL_RES_0000000124_MOV_구급차가 곧 갈거니까 잠시만 기다리세요.pkl,구급차가 곧 갈거니까 잠시만 기다리세요
extracted-src/KETI_SL_RES_0000000125_MOV_금방 119 아저씨들이 올거예요.pkl,금방 119 아저씨들이 올거예요
extracted-src/KETI_SL_RES_0000000126_MOV_금방 구급대원들이 도착할테니 잠시만 기다리세요.pkl,금방 구급대원들이 도착할테니 잠시만 기다리세요
extracted-src/KETI_SL_RES_0000000127_MOV_지금 사람들이 가고 있어요.pkl,지금 사람들이 가고 있어요
extracted-src/KETI_SL_RES_0000000128_MOV_최대한 빨리 출동하도록 하겠습니다.pkl,최대한 빨리 출동하도록 하겠습니다
extracted-src/KETI_SL_RES_0000000129_MOV_조금만 기다리시면 당신을 도와줄 사람들이 도착할 겁니다.pkl,조금만 기다리시면 당신을 도와줄 사람들이 도착할 겁니다
extracted-src/KETI_SL_0000036893_mp4_아기가 장난감을 사켰어요.pkl,아기가 장난감을 사켰어요
extracted-src/KETI_SL_0000036899_mp4_어떤 사람이 무기흉기를 소지하고 있어요.pkl,어떤 사람이 무기/흉기를 소지하고 있어요
extracted-src/KETI_SL_0000036963_mp4_밖에 불이 났어요 소방차를 불러주세요.pkl,밖에 불이 났어요 소방차를 불러주세요
